message hex, ciphertext hex
0x6B38F50940,0xBE7BC004FB
0x44FC6197A6,0x454B6C250F
0x811B59148F,0x0D2DD3451A
0x515504E641,0xF5F0C1D05B
0xFA58C386D7,0x8075203C45
0x53F838CDE5,0x32222DF3B5
0xD152D8623D,0x749CDAB626
0xFE75D936D9,0xDBF87A35AB
0xC5C4E703BD,0x1C510FC936
0x33D09A4CB6,0x66989B9A75
0xF68D393B9D,0xCA6FCC1826
0x25A1CFCA3B,0xEA4B2468E5
0xE61199065E,0x139A89CE53
0x21D4F4AB92,0xB52827C5AF
0x7B1EF0A288,0xBF0AEA04CD
0xB065B59583,0xEA78B60880
0x59F7140DAF,0xCB2421AA2C
0x4C684C58AC,0xD4339555F0
0x930DD5BF8D,0x7E6D79B2C4
0xA4134BB38E,0x67E400ABA7
0x0919033467,0x315308E76F
0xCB92693602,0xA23277DA85
0x340D9B5CC5,0x7C902AA17B
0xE4C95D86FC,0x418637AA56
0xF7055A56D2,0x86F5E6FF05
0x91322E739D,0x35B04EFB2C
0x1F02C1C058,0xB69136F1DB
0x6E8EB209FD,0x13C071DD6D
0x62B10721B4,0x68A9E4BEC5
0xDA05EF7986,0x1CE04C835A
0x65C2D5F29F,0x623A79A6AB
0xBA37F831FC,0x7854DDA48C
0x40C96FA5A2,0x8ACC119724
0xE20B8998FC,0x21A2B25409
0x9A960E7CDE,0x793D13C453
0xCBDCF77E78,0x661EEE7F45
0xFCD56FA15B,0x4E0C4B35AE
0xDED9BD31C6,0xA69B735371
0x1EC6D760C7,0x425BC94605
0x5D72CCA310,0x07BB49FD47
0xA5C7882B84,0x19C1CBE3A8
0xBE12A4A03A,0xEFC50350D1
0x3CC7524CA9,0xCB4EC04305
0x8A2DBDC10E,0xD72347104B
0x137B97E79E,0x32AE127405
0xB47D60F217,0x19A8AEF5AC
0x620C6513D9,0x80B38B86C6
0x73498635C6,0x8AA9850363
0x4247C3F96D,0xB05DF81250
0xEE4C2ED62F,0xB0F09B8BB9
0x9181F41F0A,0x6CCE2560C7
0xDDF0A1D103,0xE06F4E00A5
0xEF126433DE,0x8F32736DFA
0xF9D5E7AA0F,0x3188905E67
0xA2954E5A63,0x8F92AFB58E
0xA2B1C49F2D,0xF5033F314A
0xCFCC30D813,0xF26E10D6A9
0xEBA94412AC,0xB383D3AA03
0x0A7BD865F1,0xBE5ADC04AE
0xBB66D3C540,0xEE6F92414C
0x3FE0EDCCE7,0xCB2120AB05
0xDC07363D1E,0xCC42552D3A
0x07B1529230,0x28BC16310E
0x613B0DAB29,0xD498435D64
0xAAAB24E96E,0x5C68B557C6
0xFF2BD8613C,0x9C57BCD2B2
0x3D85A6490C,0x7F85D6AA38
0x327203BCB7,0x1646F19F48
0x30E811011E,0x1953ED1A5F
0xE6F2A69263,0x9A07BBE420
0xF3198EDAD3,0x71189963B1
0x031249631F,0xA1CF4AADE4
0xD1F3B21C9D,0x91334DB305
0x04B2B3F968,0x2C99E049EA
0x0DFA2ED229,0x96D2507BF6
0x68AD18B737,0x85BC0DE3E4
0x12A3FDB2EC,0x284D96CC17
0x05A4CE2FAB,0x65E7F35E21
0x34F7B2EF4D,0xCBB351F2F8
0x1D376537B4,0x04404E00C0
0x53D6564B05,0x85839300A0
0x331378810C,0xFEFDDC93B4
0xC3B1454E2D,0xDA0236C5D9
0x946AF4E368,0x96B6DFF4AD
0x07A0EC1BCB,0x84E55F4AD3
0x578AC5D383,0xE0D1515F61
0x3BFF602F87,0x1B4565FBB7
0x1DB6A4B313,0x299044C73D
0x89D5C3D963,0x809C911AB5
0x061BA60687,0x5C2831D96D
0xE26133C89E,0x3EB07E1EB9
0xC50E6FE3A2,0x73FB06AD02
0xCE716363C5,0x2B2AD939D2
0x6860B6B91D,0x16B31554E5
0xD5B1210494,0x85A55C4F91
0x718E06193C,0x64EA2492A9
0x347FCD07F2,0x6572DE524F
0x463653BFDD,0x99BF1CB3EC
0x8A1DB4B1D5,0x5CA7741D4F
0x8F21099EBC,0x879A6CDD64
0xB17AB2FF3C,0xD5ED381845
0x94920A4980,0xF0194161D0
0x591D6C4148,0xDA6CC3FB4D
0x77EBD3DA00,0xED03D42EEC
0x6348FB60D0,0x160B12E329
0x25B764C0F8,0x4E243CCD6B
0x90CB67C0B4,0x3327364907
0xE021868166,0xE58A858592
0xF761D998E0,0x2399665507
0xE75247799B,0x41519B7D22
0x62D563D546,0xAC67BC287E
0xD15826A19B,0x3E27CE7538
0xA752429D93,0xE8030F58E8
0x37F84340CF,0x8319729FCB
0xE0EC86F4A2,0x9558F3B988
0xB2C5B86225,0x576388AEED
0x14FC42E8F0,0x2A84ED2AFE
0x6C7C774C92,0xCA14A18C7E
0x28D1A6B6A6,0x4AA7A369D6
0x84DD89C526,0x9C47830474
0x734FD11904,0x725E6F3DCC
0x7C24542673,0x52098F82BF
0xDF89DE27D3,0x7B3D2E9FE6
0xAAC34F8ADC,0xCCBFF6B453
0xC5245DABE0,0xC47B7F5C62
0x1EECC45C79,0xD6CC345E42
0x0F7FD4CC2F,0x1AAA7953B0
0xBEDD5B6C6A,0x7C58E67F2A
0xEBD0EA3DDB,0xE53E7CF849
0xB0166561C0,0x72FA2043CF
0xA7E32C2773,0x3543AED621
0x57D2228757,0x9D05C8DBB9
0x51BBA1F30A,0x6A2A3E7BF3
0xB04CF3D9A4,0xD41B6C9E2D
0x964BC097C0,0x06482F3AEE
0x384DDA1574,0x542755E2B8
0xE5A27A41CC,0x271109418B
0xCC0953547E,0x73F5D21DF1
0x50924F8930,0xC22E5ACE6F
0x6D7328DB09,0xCECFD06CD5
0x2D6F2EEB6D,0xD4CB561569
0x555CB11939,0x3C5883C45F
0x48EB922C51,0x2CB98339F9
0xDA9FE5529A,0xA572516BB5
0xAFB55067EC,0x2CB3D1050F
0xFE764FA7AE,0x7AA6A13EF7
0xA5D98697C2,0x8ECB9B266D
0xD596F71110,0x82156B3025
0x6652872538,0x001886352E
0x0AEF66F328,0x484A0CAB3B
0x1EB1F4C3F1,0x3BACE5204F
0x3265B516D9,0xF2026D687B
0x0B08413F53,0xB85512D054
0xC0C6EC6216,0x9910037D00
0xABFE94A3B9,0xCE99846C50
0xC78D897B49,0xF4293FA40A
0x5E6E6FF5DF,0xB54E5F14D1
0x73908710F1,0x57B7424C13
0xFB173590DD,0xEE01F8889F
0x642E904560,0xC4366735B2
0xE96C8FB3F6,0x4F2707BCAA
0x90276B999D,0x041A589A5A
0x6FC1C6286D,0xDC9BD67C63
0x986101F994,0xA2EFABB06B
0x1CB05D8E07,0xA6894F9F70
0xF9D874685A,0x3949C5BE18
0x3C5655144A,0x20B4B4B223
0xDFDA6035F5,0x8F4ECC758F
0xCBF40CEC93,0x7ACA11303E
0x99146C2CC7,0x956D663BAE
0xA05D592FDD,0xDA4AF1D48C
0x0A57E8C587,0xEB2289926F
0xD72A65CDF3,0xCEFA241D0C
0xC56A9CC2DD,0x0CFC5BBD8F
0xE1A78204C7,0x55F9DE6AE0
0x288426D4F2,0x9865441AD0
0x00679EFB94,0x68A8E30956
0x5715E2910A,0x846A88925B
0xA410F65EC1,0x224B3DBF0A
0xDFF912CECF,0xAD2F14E8EB
0x3DD36C0C68,0x9CCBDA2184
0x42DF1416BD,0x6A8194F6D0
0xC2A37E3CE8,0x937612E098
0x1D9568AF73,0x6DD8368596
0xCDFECB358F,0xBD4E94173E
0x61FF86F66F,0x99162CD9B9
0x938E88A51B,0x8E46A55129
0xBF4CD05DBD,0x2877D51CAA
0x9647A33D7F,0xFAE0575CDD
0x5ABA13B8DF,0xD831BEF0DF
0x01A3E1B113,0xFEAFE611D1
0x5FAE6802B2,0x6D8421F073
0xEC69B651EE,0x851228A3D4
0xC1A4C24C6D,0xF501A6CC7E
0xEA4A27A808,0x48E95D2168
0xFF0FE2B435,0xD5BD166739
0xC598C27FEC,0xF2BBF1020F
0x9D6C3D9FB1,0x4E4B9C5801
0x680A9EDCF8,0x2E22AF3986
0xB25DEB289D,0x710F487132
0x6789E77B1E,0x4251D893F9
0x936745837D,0xA9B241AF89
0x0A7AB5D152,0x7D0C6EDC54
0xD1560210BA,0x1718F1EFAD
0x995064D71F,0xAFBB3FFC44
0xB9BA9DA454,0x055902B9FD
0xE785496222,0xAD8A97A966
0x2689186DE6,0x70E8150DD0
0xBD4A531336,0x8CD7F70E90
0x3D8680968A,0x695AE973E4
0x605F352221,0xB328B884C9
0x4BBDA39988,0x1635AB6F09
0x8943E7B286,0x124EA76F9E
0x8177D9F6BB,0x85CD06B84B
0x6BE60D4731,0x59EE7FF3EC
0x8B0732CF83,0xCC476F4CCD
0x34F95168F8,0x8612668E58
0xACCA39A91A,0x82C5BE6509
0xE7348E4A7D,0x9E723FA642
0x2B1DF9F73F,0xEE5BB4A958
0xDD676223F7,0xF8913F65CB
0xC7871E3353,0x9CAF95F5A5
0xF03A74A1B5,0x5B0F68F0D8
0x17CB82AD58,0xD55D4C19BA
0xE4B11BFEA7,0xADD3C4AF0B
0x0953562329,0xAFA216B023
0x8E59ED633C,0xB43F1CD2D1
0x53D4558387,0x1F05F7A00B
0x11DE384A73,0x128F4B647F
0x3266E798C2,0x19D2E94A84
0x45DA947004,0x4A33124B34
0xC7AB9B77E9,0xA784CFB9E8
0x156ED2FCF6,0x8940E86860
0x79CFEA8836,0xF9D302CED3
0x2621767449,0xFB6377C6EE
0xDC62C744B1,0x04BF762937
0x239B4F373F,0x2222204C71
0xF1104B63DB,0xE3516D7A64
0x7F5C70F064,0xC1E0AC5554
0x4F99EABA20,0x99B040E597
0xE5542B9B9C,0xA799A518AF
0x4AEBE3CDB3,0x0413B3F97F
0x737B7390EB,0xEC04A0CEDC
0xD05FAD7C26,0x32067DAB5B
0x260E1AE1B3,0xEF07510A02
0x1BBA2AD1E0,0xC86FD8ED46
0xACCD3B7E96,0xE11B3AB116
0x7771276674,0x6832CB8AA0
0xAA04AFD94F,0xB8F3FFAF35
0x99FADAB986,0x3519D2F48E
0x4BFBA88BB4,0x4116A73819
0xFF7FAEC8A8,0xD17BD9D9AD
0x2D70333D47,0x360480BB6E
0x50902ED1D5,0x401F9ADA2C
0x26B1CB18C8,0x5D25DA5985
0x22FEB1B962,0x30765D3D4C
0x8357F786BD,0x21EB28DE9A
0x608D8C954C,0x4FA2CEF304
0x35E2EDB389,0xBE77BA7799
0x3710323282,0x1793837D6A
0xAF75493563,0x6A59EFCE36
0xD44486BCE3,0xAD041C3AB9
0xA8CD20884C,0xC5FC0146BE
0x5B2673C527,0x9431718750
0x4749DDD199,0xABEEE145CD
0xE0567B2206,0x36F51F2902
0xDD84D2D7D0,0x63562F16B0
0x0B175CADB0,0x6A68D692D7
0x78D7DF8B6E,0x43FF2BBCF7
0xABE631D4F5,0x0C41CBFF3D
0x8666ED7611,0xE59A7A4DE6
0x371FFFA789,0xDD7FF4723B
0x4F08042909,0x8782A90F0D
0xDD2BCCB562,0x70300BA069
0x51C22DF970,0x774B39C53E
0xF8158229D2,0xFC58B46569
0xBE2F45E4B2,0x9E76BFB67C
0xD65D228391,0x91C84255D1
0x90E6C3450C,0x27094807C9
0xD86EDB6B25,0xAE1DCC32F0
0xC6C9C95B7A,0xB0F01AF4B0
0x83D791EB52,0x6AB6889D4E
0xB60BEFF9C9,0xACAF9C2635
0x02DD4262DB,0x15A98D26E8
0x37D83B368D,0x61173E2B74
0x3F88D67788,0xFC5574D1FD
0xA36FFAFB07,0x644AFD9589
0xB4128220AA,0xDE8A6445E0
0x3B0D4C2EE3,0xE5EA210EEA
0x02543605D9,0xB87FE6453D
0x1C92B93B59,0x8FFCD164A8
0x9EA98368AC,0x8261D63251
0x00781C27D5,0x48712C06DD
0x592257DFE3,0x0F6DA3E4C2
0xF352324778,0xEB359F1492
0x7ADECA6F82,0x3B036A618E
0x6B9692617B,0xC9BAF6AEA8
0x60EF52769F,0x1131916DA8
0x82DDC51F45,0xF1EDE01A1C
0x5F802365EB,0xB5E671179D
0x5ABDAC72B7,0x8CC805BACD
0xBBE5CEF455,0x66437E84BB
0x30F9D644FB,0x68466FF973
0x582DE9C313,0x05866E6C79
0xEB848A6DDA,0x7381E83533
0xA3A228F787,0x2487EB20E7
0x22AEF6AE9A,0xAD59195310
0x11464A34EE,0xAFB26CCAD4
0x97BE8066F9,0xE0A5D8D507
0xDA71C1A867,0x6121523802
0x1BBA33C843,0xD59C4AD11E
0xB70E2E4A2A,0x0946CC7B42
0xCC02711833,0x67EC0FAEDD
0xF2F2F15006,0xCBA7A4B474
0xD9BDBD9D23,0xD46263B1C9
0x7D1D76DFB3,0xD28B95953B
0x9319F8C02A,0x34EC601CA6
0x5412761443,0xCCC8429F79
0x37BD1F1299,0xAC075EE2F6
0x82290C7D90,0xA5D1519594
0xAD29E01928,0xE996D17895
0x430DA6275C,0xF861D9E44E
0x46F26A06D2,0xCCA2423BBF
0x624D901B20,0x3BD073AE23
0xDD5199A343,0x8A93D284DE
0x588E17B41E,0x778AFEEF49
0xDEE3BE4143,0x7F8BA7C4B2
0xEDEA88D83E,0x6B96E25D44
0x78DD9C3CEC,0x5BBB857013
0x203E87548F,0xEA8493A6FF
0xEE01C1067C,0xA566495E43
0xC7CBB29817,0xDE332D9271
0x7F8A4336B0,0xF22E8B1E10
0xEAEE7484E0,0x3134B1AA02
0x727F68BCBE,0x7A416B03EB
0x3B3640A233,0xC693E53922
0x8CD6DECA5C,0x924040F04C
0x9CD2D5B0D3,0x6DF9676038
0x6B0963B223,0x19FD83C061
0x906A5B9F01,0xBE3F6B3BD4
0xFBAF3A6065,0xA6FBE537AC
0xB50C88525F,0xE5107FFBC5
0x2CA3AE0048,0x250A472585
0xE0D6B18120,0x6EFAD66C49
0xC6E01A18A9,0x001BC79016
0xDA2F4F1EAC,0x3233F2735C
0xA3A9B907F7,0xF0E03CB86D
0x7428C0F905,0xE35B816FC9
0xBD680A4135,0x4336EA68B9
0x720E1835B5,0x8D8480355A
0x1F6013F68F,0xE81B6B0048
0xA4397F3332,0xF3CC81E3A4
0xFCF88129BC,0xBBC6F5D59F
0x0060A3B3DD,0xEF9244D2AA
0x027C436CCC,0x8B4D6C44F3
0x14AB1AB9B2,0x6FCE5AA84E
0x4C16589E3F,0x16FB80C0C3
0xC14A38A196,0xEEDC151DA0
0xB6ED880A08,0x88F315BB5D
0x129620F3D0,0x31C5C47CA1
0x68C452E3DA,0x6B2C3F373E
0x513E4BFEE6,0xE8E1E0C06C
0xCC64B3B894,0xDBB71C29EB
0x7D876E6615,0x0C9BF2F8A8
0x8FA157B5B8,0xE3A3682D53
0x3FEE56B5CF,0xC015E38088
0x42FE2BB155,0xC3227A93BE
0x9097582907,0x441D8D1CC2
0x1922D463B8,0x2177C4DD69
0xE8DA9C13C0,0x98F89F20DA
0x4AAE0EF8F9,0x48A0719E33
0xFD783C88B8,0x4D2BCDDAC5
0x5FCC704B8D,0xC2CA252B17
0x696B9D4ACC,0xBDAE83E558
0x567AD3D7AD,0x29FE56B87C
0x377E0BC813,0xF137CF351E
0xB73E010C33,0xDBED048612
0xC8B4FE83F4,0x67F5A7C8E7
0x8A07BA1A07,0x95C1E7C932
0xAE3600CA8B,0x57444CEA4E
0xDC42B12CB7,0xDB4D4FC663
0xBB8F9FC736,0x064719C411
0xDBA2D4BBE8,0x51422F5D69
0xC9AC615173,0xA18AAD7F79
0xCFA554E9A2,0x7FCBD19C45
0x6153430661,0xE1EF1A212B
0xA1C40CCA53,0x9D73132A58
0x2184C65D73,0x2892A4072D
0x420136B415,0x75204789A8
0xDE19E399C6,0x86D20F7123
0x9AC23C7F6F,0x4670E24F55
0x2B3133142B,0x463C5053E8
0x2CA56524E2,0x92B65A40ED
0x27B84B3011,0xEF8466DA67
0x59AF9F948E,0x20E47F969E
0x7A83F5C55D,0xD170073173
0x461D7B12C1,0x89B7981803
0xC39D9D46A2,0x886C990BBE
0x68A37C8BBB,0x9E8C22C940
0x3C4E11F9BF,0x4A689E65E3
0x02F01E00A7,0x039E505E14
0xA4F3B8C32D,0x065D046AB6
0x735D4B7443,0xFEC8D65EA7
0x9CD86347ED,0x436DA40B73
0xE39A13D685,0x3C9745BA4D
0x616DA5E798,0x929F4B9A86
0x4EAF399662,0x8A93ABEB47
0xAC255B834E,0xFF35F563EB
0xE259E71018,0xE1B3B7F712
0x205314A422,0xA88765F440
0x328DF36D5C,0xB9B7EEC8ED
0xB2E0FF13D8,0xF9298C33B0
0xD969BBC2C1,0x44B170FED4
0x063435FD52,0xC5B417E6F8
0xCB0AA77094,0xAFA0EB8057
0xE34915DFF4,0x5485C49DB6
0xD57E3E1ACA,0x68008432BF
0x511FA2F968,0xB0AA77CA8C
0xA868B80590,0xA5775338B9
0x7C3C278B0D,0x48BE521141
0x0DDCA62B52,0x04F88D3612
0x31249D5007,0xA013B0C378
0x09C478779F,0x5019C66964
0x2763395E8D,0xC8FB337B73
0x1438041315,0xCCD10CCF65
0x9D0D4FCAEF,0xE5437F9421
0xBF1BCE0F0C,0x72C023B473
0xBC6A3741A4,0xCF38AE335B
0x026D0EEDEE,0xA89E64C3C5
0x05C48324F2,0x1114CCA598
0x9111853A3B,0x108CD4392B
0x1FF73292E5,0x3AF608CCDE
0xB49AF0165F,0x499A7D29B9
0xE8D086F79D,0x73A436A9D7
0x65A8F20DF0,0x2E89EBEF04
0x2AB8781A29,0xC780FE642E
0x8CA9163FFA,0x517A0F7CF8
0x17163D7014,0x2684F5158B
0xB0EB8D226F,0x802C990E5F
0xB08303C3C5,0x61A4F1AB62
0xD4459E9ADA,0x4D041AAA59
0xC841DBAF02,0x634C27279F
0x5E29E51C9F,0xAF94255345
0x1A8116914F,0x0D8B3D4406
0x3348B9F40A,0xEA317E44D8
0x70CB37D0E7,0x1D41F4750E
0x2870E191D8,0x9267E39C48
0x180C0FA975,0x49313135AE
0xFFBF553236,0x3DAB4F0019
0x5583D5C672,0xC28135C936
0xD60EEACDAD,0xA9346542AF
0xC2009CC987,0xF07061FCE0
0xABB51E636E,0x0F892ED5C7
0xEFA5ACE30B,0xDEEDA1D2F5
0x0305084CB5,0x43CB85A819
0xBFE4F4C348,0x07F4044FE9
0x48BCE6AABB,0xE4CF049FA8
0x5BD3128BA4,0xF057556B2C
0x6CE6AB3E87,0x9B413CD589
0x483BC12383,0x4EEB0CF70A
0xFCEC01D16C,0x28072117B7
0x55A4BEF3D6,0x0FF4854FBA
0xD39AAD6F3E,0x3A4220437C
0xE357462DFB,0xC389749C97
0x8C2EACB6E4,0x324631ED97
0x1E7C8933FA,0x744D3D5E59
0x9F14F05E3A,0x96F781F8A1
0xF639490588,0xF74A8F2597
0x4D50D68F04,0x575FC3727C
0x6F38AE7044,0x158267B9D0
0xB352453D5C,0x2141EA707A
0xD2E0EC1C6A,0xF508E0B40A
0xE2ED046D70,0x35BB3B5350
0xDB78380888,0xF62EAE5F6A
0x6CF740E91B,0x895453276D
0xADA2B84039,0x382C5EFCA6
0x1AFD6FAAE2,0xD4A3127894
0xC9C4C782E0,0x580F86E726
0x7CB7F5512B,0x66B97C27B6
0x9BE7B27175,0x930DCA9930
0x5DED09FAA9,0x7704D6E334
0x77CA67A61F,0xE93FC65B81
0x6A35210B6F,0x83CB677C14
0x929B2334EC,0xB985503262
0x0ACAD234B0,0x2FAACFD6B7
0x4399E82BD0,0x2E9AAF462A
0xAAB6ACFE79,0x01A79DBEDC
0x21F62ED0C6,0x3C1DAE4DAF
0xAD627D0351,0xE326C592DF
0xD5630145B4,0x1AF5999865
0xA353A7F436,0x1525E295DA
0xF318B99698,0x7A88E9C076
0xB3E00B1238,0x767146DA65
0x07597AA892,0x0B2406D68B
0xF2FB47BF31,0xF56672250C
0xB8FCDCF2EB,0xBC152B95CB
0xBEE32665FF,0xEB2D151871
0xBB1A1EC882,0xA8D4023FB4
0xBB6078D076,0xB02D29CE11
0xA7C130971C,0x729AE0C180
0xD7888AA351,0x18A0470F11
0x3C334066D5,0x1C4194633B
0xEB7C4FDD26,0x3D2EB7DE93
0xBB047CCDC4,0x7C57176C4C
0xC94D294761,0x24A1CA24FE
0x3A5FA4FE67,0x10D1E1373B
0xC3DF2F3822,0x82E44B421C
0x2408EB8093,0xD6D547DEF0
0x1DE4F77630,0xCA0A1B11A6
0x6D2D685458,0x6B11297883
0xCC13A26F91,0x2174C0952A
0x69B55F21B0,0x3245BD15E8
0x4B2D6D0F70,0xD565217EFA
0xA03F63A85F,0xCA445075FA
0xBD60377765,0xB8F8A83EB8
0xF2D26121A8,0x68B8F83639
0x54E7D5D1BD,0xAE3AB9CEC4
0x003C07E5F3,0xA647C123C2
0xAD93DE454E,0xAE34E41C98
0xB0C5BD9B17,0xB7F5F9C8A2
0x8C8D0CE88A,0xA00D435B2F
0xDA407BBEBE,0x73133C1A25
0x69C4767B9F,0x1C427A6904
0x96B27B99FC,0xF7416EE4DB
0xE6F2DD7B1D,0xBF428E423B
0x92C3B4AE9F,0x3220E86DED
0x4F81ABAB0A,0xC8CC9F0B69
0xB8F7090211,0x748CE906ED
0xDAA2782890,0x00CA7861EA
0xBC7AD2FC49,0xAC3F9BBCB8
0xDCAAB1786E,0xE5C540FEDF
0x5B167F44D2,0x0ECEF90D5D
0x0C660AF093,0xF8319E8FDD
0x84019E964B,0x02B2316CA4
0x13992E1972,0x0A7A0D2026
0x2FB32A9721,0xCB31E5D1C6
0x57EB72D583,0xB002C22439
0x9ACD729E75,0xB5B441911A
0x9FC28FFCF2,0xFC85C32F4B
0x8A2C70833D,0xA203870A02
0x8E528A884B,0x08BFB7B387
0x0ECB77F21F,0xB4166B4E56
0xF449946BD0,0x8F774FABC9
0x96EE6CB760,0x21D18D0BEB
0x6A4EC3CBB5,0x040936B855
0x1257E1690B,0x03F347709D
0x105633FD35,0x9BF9960B96
0x660C722A18,0x3E1279476B
0x6B958CE98C,0x702FFD06C4
0x400069B637,0x3B3613B7D4
0xD802C1267E,0xACD9A3C309
0xE3C34B199E,0x72506F8EC6
0xC9A517F348,0x493C5CF214
0x1DBC9DD63F,0xF178A1FB7D
0xF9DBEB4CDB,0x35FE48645A
0x639921A933,0xDBFBAF5BFE
0xDCE625FF3D,0xF719B4646B
0xB5FC505A7F,0xE54F796CFF
0x5A060DEB18,0xFD58C72889
0x32AD8999B0,0xC51278AB4C
0xF950C3DEA1,0xCE28D72AFD
0xC388D25D5B,0xDEC0805B13
0x78956912E7,0x4B25B7FFF8
0xABF9C4EF66,0x636E5CBC70
0x0F6BE37C1A,0x4F990BF512
0xA23CA09711,0x3B7EB6BEBC
0xEB8BE597B1,0x0F051A2F6E
0xFA0BCEEC81,0x4AFEE9BBC2
0x4B980BD129,0x1B57FF796E
0x90B6916896,0x319C13F48F
0xED61333CB0,0xFB902C1367
0x4D2901FB2D,0x3C9FD065D4
0x30077308CF,0xCA8341E747
0x559302E999,0x19A551AC44
0xC3F8FB9108,0x0719742A1D
0xD160F0836E,0x53617D5875
0xA196E2B828,0xD6EC21DA3E
0xC5CDA13E18,0x015B532A98
0xA09B33EC34,0xA251AA19F5
0x68E6EC9A75,0x04112EE432
0xBA55B84F64,0x56A6FDC79D
0xB231379CC5,0x43C0550DFE
0xCE5EA93546,0xC5088CB8AD
0x901BA5D4DB,0xD1A0A44A0A
0xD43C5F528A,0xB0BC243791
0xC1A64A3D28,0xB5B72ACE58
0xE8385992CF,0xD871B383F4
0x80D45AD078,0x85AE833087
0x7ADB4C7A62,0x979C522A2F
0x308174ED27,0x215439FF4C
0x44A5872EB3,0x1AB46640E2
0x41C42D0498,0x2BFACE2D20
0x898D990166,0x089F139088
0xB0E56E7AC9,0xB8F3E9C5CD
0x777A010A17,0x431F49C3C2
0x57B91370C8,0x2C9964C548
0xC35328504A,0x8439832E9F
0xDCAC0B2C85,0x79EA20987E
0xBF60D5055C,0xDBEC36F828
0xBC79CFC144,0x8765B68A31
0x59A5BFC212,0x2F91D8C138
0x596E1A0DD1,0x2FF0471EDD
0x4196998962,0xD92AFDCE46
0xA0AE04CB0C,0x9A2934AEFA
0x8D2DABFEEB,0x60EA8B78BD
0x84F4BEE368,0xA927216398
0xBCF83E7A9C,0x7C54F5647C
0x4854477B06,0x6F2BE76F5F
0xDDB51AD53D,0x918FC72CDF
0x90F59A703A,0x762B8A45A0
0x6F8E1E36D9,0x1E2C963EB6
0x577FD78CBE,0xCC11B84EAB
0x113A6BB696,0x3F67807E64
0x4DE3C3C794,0x0EB30418DD
0xAD9A655C97,0x88E09FA5EF
0x805CA62A4B,0x70F0D2DAE3
0x21CF2DCB25,0xD8A01BA719
0xC6D0DB5DFA,0xC1791A4574
0x96CA674B68,0x789ED63034
0xE6F0465B5C,0xD85CAC6AD5
0x3EC32DDCD9,0xA4D257C670
0x741D1C69F1,0x5AEF868345
0x3BB8E95038,0x21F97CAA0C
0x1BE097429F,0x9D6C975B25
0xE651781391,0x509ABCC443
0x4B23BB9EC2,0x2BCF7D4B56
0x7CA40951E6,0x77CFE08090
0x6E294A7ADC,0xA016D6B30A
0x01785E53A9,0x787FECBD6B
0x4EC36C1D00,0x7F79DD618B
0xBD8D8B5B4B,0x7FE76B73EA
0x5456E14E3A,0xA05E875717
0x906F9A082F,0xBC6E1E05C9
0x42C5F92CBE,0xAA9575D3FD
0x7213D4C77D,0xA5A21613FC
0x220C1137F2,0x9B74BF0BD2
0x797574CD89,0xF60DF2E820
0x4CEEA92247,0x4AF07E2E62
0x79554DF8FC,0x4F1E25CD55
0x6CB0DB5FA8,0x713DF8F575
0xA61784DA30,0x5BCC96491E
0x4C244D2456,0xA86257E5B7
0xD285FAEBEA,0xDBDEE3720A
0x8AB758A50D,0x1AC2587E25
0x585917C5AF,0x665DA31C61
0x78A3A6434D,0x9DAD6ACA39
0x1DBE5B4948,0x6A9AADAAE1
0x17E8A19291,0x61F5349AE3
0xCBBECF154E,0xEC202A4149
0xD0804D8A98,0x4F2796319E
0x63FC6A8C1F,0x3319110650
0x7D25DB683A,0x97B4A3678D
0x8D59CD164F,0x554E413EA9
0x084A4C249A,0x6008FC5FFC
0xF27F0B4518,0x8E20A38447
0x64EA0526B9,0x3247FF95F9
0xA8799B9810,0x4784275F57
0x87401C0CA1,0x0307A1DFB1
0xC3D6DEE4E4,0xEBB394B43A
0xFEBB7D9CFE,0x0907ABDDA3
0x734A102EAD,0x8427ADBAF5
0x498BB049A2,0x42EB2D901A
0x4FA371E7C2,0xEA138370C9
0xF6E26F506D,0x359B53C1B6
0x47C56DDD2B,0xD892142E6F
0xD6A3954E8F,0xE3DB713E55
0x6B75CBDF7F,0x27302294B6
0xDEE5F79893,0xA7B40EA4D4
0xD15A473DE2,0xAF98C7B77A
0x5805DB1552,0x6D86170B73
0x27FE9C846F,0x9154BD2DFA
0xF88B87B072,0x348F405055
0xA3A92243A3,0x25986BB32A
0x93715F685D,0x16506115E3
0x3A39AE1CB4,0x80C6BA4D21
0x2567E40F49,0x21A078ED88
0x253DB57EF9,0x39720129D8
0x743D915BEE,0xB128184B28
0x8386A8C975,0x2706F21E29
0xEDFD75C86C,0xED99B55D91
0xFF57A2740A,0x56D2B74B8B
0xC96FD32E47,0x94165A5BD0
0xAD99765B55,0x1DD1B71CEF
0x9278F8D3EB,0x1E00982A67
0x0DD5C6C8B0,0x82588B6EB5
0xE824B49761,0xE7A0A34A3E
0xF675D84027,0x3E54C7B58A
0x6689BA824E,0xFA1F05FEBD
0x22D53F8E89,0x70017660D3
0x37C410CB58,0xA628C367D9
0xB480266B9C,0x3BBB25F95C
0x897C865527,0x08894F8BAE
0xD4BAD5F8B3,0x69010A03FF
0xDF4F5396AF,0x41CDDD4B04
0xEDA1DAA797,0xB457E46906
0x72BBEF785D,0x2667968ADA
0x8BBF4FCFB0,0x7E02692289
0x496FF363B4,0x7A1686A12C
0xD02053A218,0x9EF42403B1
0x0C15EB4FBE,0x676CFA6737
0x04C0D36FDE,0x721EFC538D
0xE4C0CF88A4,0xBA7301296F
0xC128548AEB,0xE0DCF29956
0xC8D638BCF3,0xF06B94E200
0xDB4109FC77,0x5F5E6FDFBE
0x0C64AD928B,0xC904E73711
0x039A4A0377,0xC68342AE97
0x7BC9D99C16,0xF7E6C9F5D3
0x4C81B587F7,0xE7BDAE116D
0xB68E7EBB29,0xB16C3CE747
0x5E037088E5,0x773DF4E927
0x86B7A94AAE,0xAFC999CD22
0x28B2BAABFA,0x6EC4DF6A46
0x45C906C1E1,0xE3C3CF2743
0x3972D5558D,0x63D3D06E5B
0x6CEAF14F32,0x2CCA6AE526
0xC01693D15B,0x6E31312708
0x07AACF3F3C,0x1EF9F29613
0x65CDE7B0F3,0xAD756262F3
0xB93959ECED,0x864733F4B9
0xC59ED2DD29,0x0A8A4BEDD2
0x82E86E2CF0,0xE2EC73B8E6
0x7B6D26C84B,0x5BCD6BA0C7
0x1BA0D9676B,0x725BFAB17A
0xCD11A609A6,0x8ACF393B24
0x80445F6CB6,0xB5D48A35F3
0x3C0F50A16F,0xEB6193552A
0x365A1C8F1F,0xD9F429CA05
0xC8EA6B593B,0x483EC407D1
0x5DD122D9C8,0x8706850B0D
0x94943C7DCB,0xEF47E64DAE
0xEA2FE391EB,0x7F2A8E19C0
0x37567CF8FF,0x85295AFAAF
0x10DFB798D9,0xCCBB49611B
0xC31BF1A6AF,0x7E3F6EABA9
0x17C68A0EF6,0xDD20B711FC
0x3FACA0B1C0,0x43ABFE906A
0xF6E542CD50,0xEA58F36D91
0x45EEEB0B6E,0x36E566C5CA
0x6F0792B078,0xB14BDCE557
0x1C1D4764DF,0x1FBC9F9F95
0xBA7A5FB061,0x9CD30B873E
0xF81FAFEF73,0x276FBC804C
0x0835BDE38A,0x8D9004C56E
0xCD762E522C,0xB8A6211CFC
0x54C320AFF7,0x502BADD954
0x8A7E0CAE58,0x8804CE890C
0x65DBB5787C,0x7F443975FE
0x90811A4B00,0x09FD66C3A3
0x5874873648,0x776427B300
0x9D9A870C7A,0x8E0F61D913
0xB8975A336A,0x196F9C39D6
0x57C24C7CA1,0xB0A2C23FF5
0x7BABABA9A7,0xE417D888BE
0x4FB8ABFF1A,0xF64C4639EC
0xC722C25BCC,0x1AEDA8AF13
0xF8785FBA03,0x56E57787AB
0xAFA4A5103A,0xA6035FDC10
0x29541F1880,0x1F83AD309E
0x3E0363A805,0x4291E28378
0x3585835991,0x8043F0FD30
0xE0C40AA807,0x4880162582
0x84281D8F2B,0x68BA1ED973
0x40A4760031,0x9D28D5894B
0x03119BF574,0x9ED44CF91E
0x25DE280953,0x5D78C4340F
0x1139F49897,0x31726DFC6E
0x98BFBCCD5F,0xAD7D55D2F6
0x3F35C3F4AF,0x821C3E0313
0xBA0FF6DBA3,0xBD1CDDF50A
0x8B30BA8681,0x0BF18A0946
0x5A2DC9B93F,0xC77938B6DE
0x1256D53962,0x64F70D5FE8
0x5286F465B6,0xF4D2C6E1D8
0x0DB42F0151,0x6BE749AF13
0x59601C73ED,0x0A18FC381F
0x1AB61294FB,0x1D21EF783B
0x7B39941BF2,0xA1AB82B2B0
0x3387D24400,0x62EBBF47C3
0x8B1D06E493,0x94BE64DE50
0xCDB140261E,0x96F255FE8B
0x1E1C6D933E,0x84758EFDC8
0xECDD47F904,0xF12862AF6C
0xEC9A30FE9C,0xBF41A84C96
0xCA9AE75A46,0x414B5E4084
0xA68BDD1C21,0xD9B2534BF6
0xD0FD5EEDCF,0x33B43F6955
0x900ACE9951,0x59CF4172B9
0x8F051ECE4B,0xDB1A22A8EB
0x44EB6273ED,0x968EFF4A1F
0x378A919F3B,0xB4886D75AC
0xFEF72EE08A,0xA7C373C407
0xFF2CB195A0,0xDFE493797D
0x31A3042169,0xECDF7D8E86
0x7AA069D46C,0xE9AD006C65
0x221C4451DE,0xD23F04FD67
0xCB653604E9,0x5BE0BF7131
0x6CE6273FCC,0xF97FB98C07
0x781632DE12,0x7816ACCA27
0x96704AB87E,0x26D9416D8B
0xF4C35CB0DA,0x5D8D0A7827
0x390595228F,0xFBFA723262
0x95AC67FBD5,0xC6728BDA43
0xBB3FBA35C4,0x1C836C42DD
0xFE3BECDD08,0xAA7EAF99CC
0xC1B0FD384B,0xF1D63BD06C
0xDB553952B3,0x1AA20522BE
0x9BD97F1B5D,0x9C7D0ED1CB
0xCD537095BC,0xEDA9A60C58
0x268DC6D607,0x156FDFFBF4
0x7C5B92DF1F,0x7FD5346D86
0x3E7FC25B7F,0xF802510EA5
0x4684F88624,0xDE4F37F29A
0x5413FFC92E,0xBCA3EFADCC
0x5D0233927D,0xB2E948873C
0xF8CFA26EB8,0xDAC091665D
0xE773C23FE3,0xB1EB415A93
0x1CC297066A,0xF7FB3124B6
0x70039BCC4A,0xC427949A50
0xD2F9C9DBA7,0xA1F06801B2
0xC029DB818D,0x192F552EED
0xF5EAE6AB64,0xF5AD6F3801
0x09A3A3D25C,0x33266EB294
0x4B4684ED09,0x0D65CD947C
0x86FDFC8D5B,0x4E2A99C963
0xA8D25B926B,0x6E59AC7E9C
0xB69EF393FC,0x2EEBF4123E
0x68D24213D3,0x6E648A8337
0x105758DD7D,0x670D15890B
0x6B236E5A31,0xFA7EB8B20F
0xA180D0B425,0x266096BBFF
0xF5CA1D4FD0,0xC00626E9BC
0xC15229A894,0x612BE6D4FC
0xC7ED652156,0x3A2DA09168
0xACC9D50E25,0x09B2DC016E
0x878BD66C57,0x9FC237C94D
0x04136B8B0D,0xC1C8992C2A
0x82B7F541E4,0xD5C07F429A
0xD019092705,0x3BEDFEF7F8
0x349DD1BA4E,0xD4823CE39C
0x570EEB88C2,0x08CBBEF91D
0xBEE2CFA8AF,0xB3FF151221
0x67A8DE24A0,0x09BF330984
0x087868283D,0xD0EC716341
0x32CB050A25,0xC22C50FBAE
0xB60DF07DC5,0x5EA7B419FA
0x39F24E6F2D,0x1378642DEE
0x44B310F838,0x8B8AB86D36
0xC4AC40CBC1,0xBAAE586D17
0x69320A5317,0x68F9DB62B6
0x878527841B,0xA45C9334AF
0xB94885EFE4,0x01FFD59021
0x2C1AB1B40B,0x1D0716A9D8
0x8EBE5AF3FC,0x0FC35E7005
0x383DD69365,0x098122AA8F
0x1857FB88DD,0xE285D8D2DE
0x2F06EF5F33,0x88C22E4C4F
0xF95B8626C5,0x3F62FFFF29
0xF4B62CBAA9,0xDE29A4C824
0xDF7B4ED00B,0x5B6AD99FD0
0x0F8E2BA5CF,0xC67E7122CA
0x2A8B2FFDF6,0xA59B479382
0x32C855CDB1,0x999FBF5266
0x7AC5CAEDEF,0x2547933A60
0x0114F00F73,0x461935780A
0xD08E78631B,0x8E3333847E
0x67827BF3DE,0xB46608F6BA
0xC087C9815F,0xACD6C9BBB0
0x7E3EFFEF4F,0xFEAA1B51CC
0xA98EC72377,0x680F4DB5FA
0x6A354A1FAB,0xC029C95692
0xB6A1F7CC7E,0x1CFEAD6CF1
0x23FC170537,0xC7490E17B9
0x00BC4A22ED,0x74FBE99700
0xD299B0E4FB,0x3FB11968D2
0x07DEAF554A,0xB8B26C0624
0x2778BAEF2B,0xBBEB29C6A4
0x65CFFB1F6C,0x274EE8D8A5
0xBB0D321A41,0x3CA230D4E9
0x1D2B5D539B,0x0972C9101D
0x065A951CDA,0x2884AAF609
0x4E48B3C90D,0xDAC6548263
0xF19B59A92F,0xF825B801B4
0x21A619797C,0xEC13202B90
0x8D14573B90,0x7E6101C799
0xBADC21B662,0x5709404594
0x735949170B,0xE86AFCA4B3
0x61C994E5DC,0x859688991C
0x2873285BC6,0xC6E28DDB7D
0x415348F009,0xDEAF0B0DDE
0x19C99FF7CD,0x932ADCDFB6
0x9BDFAEDC8C,0x6FD1A4F162
0x488D8E8B06,0x1A1C249BF4
0x09EEFE86EA,0x30BAB7CDE5
0xBBF4153C40,0xF7ECD3C91A
0xA1DA3C9250,0x16CC3FAEF9
0xB4F115A286,0x98853495E4
0x46ADDF7DE4,0x95887972BA
0x83BEC2EC01,0xBC6BDB6B8F
0xDF50FEDDDF,0x50649BBA71
0xF1D833EDF7,0xBB9DDA6E39
0x60A1FC5144,0x900FC268A0
0x26BF097096,0x919A72F548
0x6CEA164B73,0xD630192903
0x5A638C2C6A,0xC0A299359D
0x9339E05AEA,0x1204689132
0x86F0732FD8,0xF3002F9C3D
0xBA59A17DBF,0xBFBFF9C46A
0xFC30B0A082,0xD5AE569A49
0xF957455C66,0x2F00BD86EF
0xA922E6526A,0x97FFD04823
0x19457BF7EA,0x811C1536B6
0xA5106B1A50,0x16FF390ED5
0x3EBB26FC2F,0x873B522538
0x297991744F,0x5FC36A30B9
0x29FD2201E7,0x57F65F4B38
0x88945A8F25,0x65ACC1A053
0xDD7D8AE374,0x6B49B2222E
0xAF401E60E4,0x9BAF4E070E
0x45503B7E8D,0x493C9FEFCD
0x1C9222697E,0x4B307A872D
0x013597F753,0x437F5F44D4
0xD1459B7296,0x284523C716
0x59BAD8A045,0x94DB6E9342
0x57C18AC763,0xA6DC5527B6
0x8C81E5C09C,0x9F0843253E
0x95FD323620,0xE1EB404065
0x7680ECE1D3,0x8020F61F23
0xE12CDA9EC8,0x2588677925
0xA4FF958848,0x71AF8EADB1
0x9891B20C9D,0xF63B630602
0x2A050DDA71,0xB75A838A4C
0xCCECAF116D,0xB316C3B82C
0xC59C6ECAF5,0xEE80C97716
0xB0ECDAE3D5,0x5E8C621E28
0x9E687C6FA3,0x5CE0D4F1C9
0x1F516333CB,0x55032E35B3
0xB5AFB39F9C,0x37FA16B8F0
0x39B4D21A08,0x103FD9A7AC
0xE125EC7333,0x1EE182CDD3
0x72BB8D4B49,0x52CFB1BDC7
0xB0280E6305,0x7895843550
0x98A9094FC0,0x006F5137B5
0xA4EF808CEF,0xADDAB3A234
0x8C579DFB9E,0x7BCAEBD9FF
0xA2D3A89AC3,0x367F1947A5
0x216038256B,0xC94DEAA01E
0x9FE564F660,0xECA9BD7793
0xE37F3DDFA2,0x0F5DCCF5AB
0x5291E43878,0x5B62746276
0x55DE34C222,0x37D5C69817
0x338146B6B3,0xCE1774A0A4
0x3EC2A8EC7A,0x1DB1FA36DB
0x76767F8A2D,0x2AD9FF099B
0x3BE913B058,0xBA533D5D5A
0x86B441D4DE,0x484AC54732
0x1681044817,0xCD3A324FFB
0xE395FE0032,0xF006A2A2DD
0xB7E4612BD3,0x363F46B0BB
0xAE4A21B5D1,0x0C8B427921
0x9B62469747,0xD725B1A19D
0x6CA333C070,0x7268216F65
0xA6C3119491,0xD6E1F6A0A4
0x1A54027DF8,0x6C8CB0A614
0x0F12A2AF36,0xA8F38A8156
0x0B8DB7EA4A,0x09275475E4
0x776AF774D6,0xC84B8F2A1F
0x6D15181BA9,0xB08DB7F43D
0x4767DE2529,0x4C10556FCD
0x137E34BCC7,0xB50E641120
0xDC49730583,0x106F5671DA
0x62479295DC,0xC5BA1D18FF
0xCD73FEE371,0x5CB8B81DC3
0x4C75A36C5B,0x667EE6AEA8
0x0ADB8AD6CC,0x08FC8C7DFA
0x9CBEB68E14,0x9FD3637294
0xF88C61DAB6,0x58BFEADD80
0x23F38F1083,0xFB7616B740
0xBF91B01BCF,0x103A25BE9F
0x4200BF4A7E,0xD31BC78BEA
0xC6A0347770,0x69095388E9
0x5B28560747,0xEDFE8CB08B
0x71E57A4062,0x5164885783
0x86F98D365A,0x82AF80E7E1
0xFCAF46C42B,0x90AFE2DABE
0xEF8CC7D481,0x3D9593945F
0xDF870EA05C,0x86DE670B7F
0x5ECE8DA8F9,0xDF85F15E36
0x0F48A560EE,0x5AAD25B0A2
0x4DC7EACB3A,0x0D34D7313D
0x335875EE40,0x2ECA974631
0xAC9A800689,0x4D10DDCDAA
0x1D6D2E5C9A,0xFD99DAD3F4
0x415B7F460C,0x65AFDE7041
0xB15CC54A8D,0x12DD3D5090
0x522DD754C6,0xDF6CC32FC0
0xEC560CE52A,0x0567493074
0xEA13A2362A,0xFD4E032DE5
0x0386C25B77,0xC67680CF17
0xACC7F144D5,0x31D30EF92F
0x51AAF5941B,0x98217D72C0
0x54EAF1DA27,0x4221948ABB
0x7E80B9D933,0xDBFF3245A7
0xE850EBFAF0,0xF95B69DBE5
0x5AB4071910,0xEF1DF7DA7B
0x5787B18FC7,0xB43AB01F15
0x17649CF138,0x71BC0AA3F7
0xBA337100A3,0x9C7EA18608
0x77BAF5C8A9,0x9D232A341E
0x6DF786761D,0x6AC3CB0826
0xCF40145E88,0xC89E6EC3F3
0xBB00C4BF01,0xAA95906F9F
0xF77C284C32,0x59EE0BCA9D
0xDC0DDE7B8C,0xD2C9F3FFF2
0x95811C725A,0xB7212E58B8
0xF2B81F5AF7,0x2B36BF10B4
0xC7757CECB1,0x7457EA1452
0x7E0EF00636,0x7AC5756547
0xE25C5F95DB,0xC44A96929F
0x4AE7CCCD69,0x707E19FA3F
0x4EDCB38170,0x6E80E55A9A
0xDD8F3197A6,0x5008A998C3
0x01EF3DF250,0x920760F55A
0x97D756DC53,0x407746D259
